{
  "concept": "agentic",
  "model_id": "google/gemma-4-31B-it",
  "num_pairs": 60,
  "scores": {
    "0": 0.09079813212156296,
    "1": 0.09843965619802475,
    "2": 0.0882950946688652,
    "3": 0.1025317907333374,
    "4": 0.05448063835501671,
    "5": 0.04725083336234093,
    "6": 0.04929998517036438,
    "7": 0.05933332070708275,
    "8": 0.04718465730547905,
    "9": 0.04753969982266426,
    "10": 0.0515250600874424,
    "11": 0.0555487759411335,
    "12": 0.08134976774454117,
    "13": 0.07712804526090622,
    "14": 0.07600346207618713,
    "15": 0.0785202905535698,
    "16": 0.06990005820989609,
    "17": 0.06172250956296921,
    "18": 0.05578931048512459,
    "19": 0.05686136335134506,
    "20": 0.05687728524208069,
    "21": 0.05225275456905365,
    "22": 0.045338548719882965,
    "23": 0.04174991324543953,
    "24": 0.03974185511469841,
    "25": 0.03862043470144272,
    "26": 0.03734224662184715,
    "27": 0.04214940592646599,
    "28": 0.056437525898218155,
    "29": 0.07013054937124252,
    "30": 0.06570839881896973,
    "31": 0.06561242789030075,
    "32": 0.06897833943367004,
    "33": 0.06649161875247955,
    "34": 0.05335806682705879,
    "35": 0.049892183393239975,
    "36": 0.045334286987781525,
    "37": 0.04090413451194763,
    "38": 0.03941058740019798,
    "39": 0.040807466953992844,
    "40": 0.04055452719330788,
    "41": 0.04049306735396385,
    "42": 0.0446445532143116,
    "43": 0.04716470092535019,
    "44": 0.04647954925894737,
    "45": 0.04781409725546837,
    "46": 0.04710078984498978,
    "47": 0.046700529754161835,
    "48": 0.04520070552825928,
    "49": 0.04461612552404404,
    "50": 0.04041314870119095,
    "51": 0.03571678325533867,
    "52": 0.03811848536133766,
    "53": 0.036234308034181595,
    "54": 0.034743063151836395,
    "55": 0.03661934658885002,
    "56": 0.03657114878296852,
    "57": 0.0476347915828228,
    "58": 0.07515885680913925,
    "59": 0.08738622814416885
  }
}