{
  "concept": "angry",
  "model_id": "google/gemma-4-31B-it",
  "num_pairs": 60,
  "scores": {
    "0": 0.15260450541973114,
    "1": 0.09776341915130615,
    "2": 0.07760412245988846,
    "3": 0.08778885006904602,
    "4": 0.059659868478775024,
    "5": 0.059432800859212875,
    "6": 0.061633624136447906,
    "7": 0.06744270771741867,
    "8": 0.06260517239570618,
    "9": 0.06337855011224747,
    "10": 0.06885740906000137,
    "11": 0.06967438012361526,
    "12": 0.08246785402297974,
    "13": 0.07972122728824615,
    "14": 0.07852981239557266,
    "15": 0.07867594808340073,
    "16": 0.07077281177043915,
    "17": 0.06470263749361038,
    "18": 0.06161040440201759,
    "19": 0.06385724246501923,
    "20": 0.06390497833490372,
    "21": 0.058255475014448166,
    "22": 0.05069854110479355,
    "23": 0.047278083860874176,
    "24": 0.04394540563225746,
    "25": 0.042773425579071045,
    "26": 0.047466978430747986,
    "27": 0.05075638368725777,
    "28": 0.050244905054569244,
    "29": 0.05533607676625252,
    "30": 0.06420192867517471,
    "31": 0.06624996662139893,
    "32": 0.07347264885902405,
    "33": 0.07317715883255005,
    "34": 0.06341178715229034,
    "35": 0.058885686099529266,
    "36": 0.055853672325611115,
    "37": 0.05404513701796532,
    "38": 0.04884382337331772,
    "39": 0.04992659389972687,
    "40": 0.05053623020648956,
    "41": 0.052540551871061325,
    "42": 0.05690225958824158,
    "43": 0.0580839104950428,
    "44": 0.05770596116781235,
    "45": 0.05708600580692291,
    "46": 0.05470680072903633,
    "47": 0.05285324901342392,
    "48": 0.04944726452231407,
    "49": 0.048406511545181274,
    "50": 0.04422652721405029,
    "51": 0.037874095141887665,
    "52": 0.035357579588890076,
    "53": 0.035396311432123184,
    "54": 0.03496849909424782,
    "55": 0.03637576475739479,
    "56": 0.03564809635281563,
    "57": 0.04074402526021004,
    "58": 0.0670388862490654,
    "59": 0.06800801306962967
  }
}