{
  "concept": "authoritative",
  "model_id": "google/gemma-4-31B-it",
  "num_pairs": 60,
  "scores": {
    "0": 0.14290305972099304,
    "1": 0.17668405175209045,
    "2": 0.13012929260730743,
    "3": 0.11149571090936661,
    "4": 0.07160473614931107,
    "5": 0.0638226568698883,
    "6": 0.06533901393413544,
    "7": 0.06502366065979004,
    "8": 0.05997331440448761,
    "9": 0.06571843475103378,
    "10": 0.06766704469919205,
    "11": 0.07531523704528809,
    "12": 0.11154550313949585,
    "13": 0.10818681865930557,
    "14": 0.10442063957452774,
    "15": 0.1044342964887619,
    "16": 0.09417247772216797,
    "17": 0.08735291659832001,
    "18": 0.08154793828725815,
    "19": 0.07955943793058395,
    "20": 0.07303642481565475,
    "21": 0.06599346548318863,
    "22": 0.05943747237324715,
    "23": 0.05633258819580078,
    "24": 0.05192046985030174,
    "25": 0.05240582302212715,
    "26": 0.0538753941655159,
    "27": 0.05636655166745186,
    "28": 0.05393848940730095,
    "29": 0.05294394865632057,
    "30": 0.06119406223297119,
    "31": 0.05796453729271889,
    "32": 0.0662894919514656,
    "33": 0.06839390844106674,
    "34": 0.06353634595870972,
    "35": 0.0660371258854866,
    "36": 0.0648273453116417,
    "37": 0.061482470482587814,
    "38": 0.05433271825313568,
    "39": 0.04781225323677063,
    "40": 0.04820835590362549,
    "41": 0.048988256603479385,
    "42": 0.05050906911492348,
    "43": 0.05423378199338913,
    "44": 0.052584387362003326,
    "45": 0.051229361444711685,
    "46": 0.050130125135183334,
    "47": 0.04792558401823044,
    "48": 0.045405615121126175,
    "49": 0.045958030968904495,
    "50": 0.04263649508357048,
    "51": 0.036627866327762604,
    "52": 0.035147231072187424,
    "53": 0.03354799747467041,
    "54": 0.03416929766535759,
    "55": 0.03604504466056824,
    "56": 0.03513457998633385,
    "57": 0.04162461683154106,
    "58": 0.06956536322832108,
    "59": 0.06695995479822159
  }
}