{
  "concept": "calm",
  "model_id": "google/gemma-4-31B-it",
  "num_pairs": 60,
  "scores": {
    "0": 0.17582426965236664,
    "1": 0.12039553374052048,
    "2": 0.10844570398330688,
    "3": 0.1269981414079666,
    "4": 0.08183170109987259,
    "5": 0.06471995264291763,
    "6": 0.06562196463346481,
    "7": 0.07097462564706802,
    "8": 0.05414394289255142,
    "9": 0.0542055182158947,
    "10": 0.05521615222096443,
    "11": 0.05961192026734352,
    "12": 0.07182643562555313,
    "13": 0.06840412318706512,
    "14": 0.06590119749307632,
    "15": 0.06281193345785141,
    "16": 0.05710851401090622,
    "17": 0.05212891846895218,
    "18": 0.04840952157974243,
    "19": 0.047123972326517105,
    "20": 0.046640969812870026,
    "21": 0.04548892751336098,
    "22": 0.04407231882214546,
    "23": 0.0459834523499012,
    "24": 0.04533916711807251,
    "25": 0.047975387424230576,
    "26": 0.05093904957175255,
    "27": 0.052043214440345764,
    "28": 0.055665601044893265,
    "29": 0.0540083609521389,
    "30": 0.06053237244486809,
    "31": 0.059380676597356796,
    "32": 0.060852766036987305,
    "33": 0.06428082287311554,
    "34": 0.06089881807565689,
    "35": 0.06177700683474541,
    "36": 0.059654489159584045,
    "37": 0.05560529977083206,
    "38": 0.05131809040904045,
    "39": 0.05357717350125313,
    "40": 0.053352680057287216,
    "41": 0.04807388409972191,
    "42": 0.04882000386714935,
    "43": 0.04942730814218521,
    "44": 0.0494973324239254,
    "45": 0.05013047903776169,
    "46": 0.04877738654613495,
    "47": 0.04872168228030205,
    "48": 0.046684250235557556,
    "49": 0.04602492228150368,
    "50": 0.04185735434293747,
    "51": 0.03627122938632965,
    "52": 0.03825673833489418,
    "53": 0.0385347455739975,
    "54": 0.038575757294893265,
    "55": 0.0429452620446682,
    "56": 0.04150912165641785,
    "57": 0.05141126736998558,
    "58": 0.08274080604314804,
    "59": 0.07941275089979172
  }
}