{
  "concept": "confident",
  "model_id": "google/gemma-4-31B-it",
  "num_pairs": 60,
  "scores": {
    "0": 0.11615168303251266,
    "1": 0.12589047849178314,
    "2": 0.09495678544044495,
    "3": 0.10433774441480637,
    "4": 0.06390693038702011,
    "5": 0.051712147891521454,
    "6": 0.054463792592287064,
    "7": 0.06698044389486313,
    "8": 0.06075599044561386,
    "9": 0.06511747092008591,
    "10": 0.06746876984834671,
    "11": 0.07418237626552582,
    "12": 0.10281401872634888,
    "13": 0.09954474866390228,
    "14": 0.09611735492944717,
    "15": 0.09926700592041016,
    "16": 0.08900094777345657,
    "17": 0.08421958982944489,
    "18": 0.07787677645683289,
    "19": 0.0744393840432167,
    "20": 0.07022921741008759,
    "21": 0.06246249005198479,
    "22": 0.05493783950805664,
    "23": 0.05397951975464821,
    "24": 0.04580521956086159,
    "25": 0.04238785058259964,
    "26": 0.043811604380607605,
    "27": 0.045232467353343964,
    "28": 0.05108683556318283,
    "29": 0.049690622836351395,
    "30": 0.058392852544784546,
    "31": 0.05973328277468681,
    "32": 0.0696021318435669,
    "33": 0.07176735997200012,
    "34": 0.06221159175038338,
    "35": 0.06073005869984627,
    "36": 0.05455774441361427,
    "37": 0.05121823772788048,
    "38": 0.046541597694158554,
    "39": 0.051073119044303894,
    "40": 0.05088471993803978,
    "41": 0.05045896768569946,
    "42": 0.05399641767144203,
    "43": 0.05674813687801361,
    "44": 0.05512779951095581,
    "45": 0.053182605654001236,
    "46": 0.049986809492111206,
    "47": 0.047232143580913544,
    "48": 0.04402177035808563,
    "49": 0.043147698044776917,
    "50": 0.03965916484594345,
    "51": 0.03461524099111557,
    "52": 0.03686755150556564,
    "53": 0.0359577015042305,
    "54": 0.036518074572086334,
    "55": 0.04075094312429428,
    "56": 0.03987440839409828,
    "57": 0.044133689254522324,
    "58": 0.07220777124166489,
    "59": 0.07563594728708267
  }
}