{
  "concept": "contextual",
  "model_id": "google/gemma-4-31B-it",
  "num_pairs": 60,
  "scores": {
    "0": 0.13305708765983582,
    "1": 0.1747085154056549,
    "2": 0.15852457284927368,
    "3": 0.14336426556110382,
    "4": 0.08352286368608475,
    "5": 0.07436438649892807,
    "6": 0.07179009914398193,
    "7": 0.07368092983961105,
    "8": 0.057894960045814514,
    "9": 0.05895654112100601,
    "10": 0.06573198735713959,
    "11": 0.07462406903505325,
    "12": 0.10972125083208084,
    "13": 0.10767661780118942,
    "14": 0.10672691464424133,
    "15": 0.10721258819103241,
    "16": 0.09570814669132233,
    "17": 0.08607333153486252,
    "18": 0.07785408198833466,
    "19": 0.07483554631471634,
    "20": 0.06803187727928162,
    "21": 0.06254246830940247,
    "22": 0.05542534589767456,
    "23": 0.05256790295243263,
    "24": 0.05247163400053978,
    "25": 0.0514058880507946,
    "26": 0.0540117472410202,
    "27": 0.05470926687121391,
    "28": 0.0591818243265152,
    "29": 0.05689476057887077,
    "30": 0.060462385416030884,
    "31": 0.057845763862133026,
    "32": 0.06417050212621689,
    "33": 0.06670509278774261,
    "34": 0.058798134326934814,
    "35": 0.05802399292588234,
    "36": 0.051240403205156326,
    "37": 0.04781564325094223,
    "38": 0.04263982176780701,
    "39": 0.0404110886156559,
    "40": 0.04038640856742859,
    "41": 0.04162517935037613,
    "42": 0.046003058552742004,
    "43": 0.04876485466957092,
    "44": 0.046904534101486206,
    "45": 0.04657778888940811,
    "46": 0.0453762486577034,
    "47": 0.044777847826480865,
    "48": 0.043092601001262665,
    "49": 0.0443258062005043,
    "50": 0.04150156304240227,
    "51": 0.034902773797512054,
    "52": 0.03009459562599659,
    "53": 0.030118891969323158,
    "54": 0.029194124042987823,
    "55": 0.029067881405353546,
    "56": 0.02975066564977169,
    "57": 0.037842683494091034,
    "58": 0.06482354551553726,
    "59": 0.06676019728183746
  }
}