{
  "concept": "creative",
  "model_id": "google/gemma-4-31B-it",
  "num_pairs": 60,
  "scores": {
    "0": 0.12750303745269775,
    "1": 0.1101665198802948,
    "2": 0.10804988443851471,
    "3": 0.1019897386431694,
    "4": 0.0684194341301918,
    "5": 0.06298238784074783,
    "6": 0.0668327659368515,
    "7": 0.07416215538978577,
    "8": 0.06587333232164383,
    "9": 0.0686931386590004,
    "10": 0.06915871053934097,
    "11": 0.07354965060949326,
    "12": 0.0987681895494461,
    "13": 0.09331279993057251,
    "14": 0.08874531835317612,
    "15": 0.0871765986084938,
    "16": 0.07899019867181778,
    "17": 0.07649001479148865,
    "18": 0.07079292088747025,
    "19": 0.0675126165151596,
    "20": 0.06758137792348862,
    "21": 0.0673644095659256,
    "22": 0.06386148929595947,
    "23": 0.07280275225639343,
    "24": 0.06675774604082108,
    "25": 0.06818665564060211,
    "26": 0.07106165587902069,
    "27": 0.07455188035964966,
    "28": 0.06694084405899048,
    "29": 0.07222554087638855,
    "30": 0.09399492293596268,
    "31": 0.0993800088763237,
    "32": 0.1075863242149353,
    "33": 0.10809332132339478,
    "34": 0.0963716134428978,
    "35": 0.08782445639371872,
    "36": 0.07877550274133682,
    "37": 0.07080875337123871,
    "38": 0.06350621581077576,
    "39": 0.06445669382810593,
    "40": 0.06387824565172195,
    "41": 0.06561599671840668,
    "42": 0.07173870503902435,
    "43": 0.07450234144926071,
    "44": 0.07548805326223373,
    "45": 0.07405994832515717,
    "46": 0.0715932846069336,
    "47": 0.06767831742763519,
    "48": 0.06358925253152847,
    "49": 0.05817439779639244,
    "50": 0.049824923276901245,
    "51": 0.043331872671842575,
    "52": 0.04407547041773796,
    "53": 0.042524807155132294,
    "54": 0.04158240929245949,
    "55": 0.044144924730062485,
    "56": 0.04280951991677284,
    "57": 0.051096703857183456,
    "58": 0.0880243331193924,
    "59": 0.08701527863740921
  }
}