{
  "concept": "deceptive",
  "model_id": "google/gemma-4-31B-it",
  "num_pairs": 60,
  "scores": {
    "0": 0.14119625091552734,
    "1": 0.15211595594882965,
    "2": 0.1549932062625885,
    "3": 0.12996317446231842,
    "4": 0.07308387011289597,
    "5": 0.06510697305202484,
    "6": 0.06552146375179291,
    "7": 0.06687305867671967,
    "8": 0.05638120695948601,
    "9": 0.05766031891107559,
    "10": 0.06469208747148514,
    "11": 0.0702219307422638,
    "12": 0.1025947779417038,
    "13": 0.10053567588329315,
    "14": 0.09833738207817078,
    "15": 0.10144266486167908,
    "16": 0.0907234326004982,
    "17": 0.08268701285123825,
    "18": 0.07592758536338806,
    "19": 0.07279728353023529,
    "20": 0.06699655950069427,
    "21": 0.05685773491859436,
    "22": 0.047828201204538345,
    "23": 0.04334701970219612,
    "24": 0.04583624750375748,
    "25": 0.04828830435872078,
    "26": 0.05722848325967789,
    "27": 0.05977216735482216,
    "28": 0.06431513279676437,
    "29": 0.06479979306459427,
    "30": 0.06834250688552856,
    "31": 0.06831686198711395,
    "32": 0.07397810369729996,
    "33": 0.07487671822309494,
    "34": 0.06793190538883209,
    "35": 0.06642624735832214,
    "36": 0.057817962020635605,
    "37": 0.055853210389614105,
    "38": 0.05289706587791443,
    "39": 0.05653773620724678,
    "40": 0.05410837009549141,
    "41": 0.05144038423895836,
    "42": 0.05512586236000061,
    "43": 0.05724690854549408,
    "44": 0.05490991100668907,
    "45": 0.05344296991825104,
    "46": 0.050755687057971954,
    "47": 0.04833536967635155,
    "48": 0.04527091979980469,
    "49": 0.04237600788474083,
    "50": 0.03875618427991867,
    "51": 0.03515555337071419,
    "52": 0.03613904491066933,
    "53": 0.035981107503175735,
    "54": 0.0366433709859848,
    "55": 0.04061861336231232,
    "56": 0.0392293855547905,
    "57": 0.047316256910562515,
    "58": 0.08054379373788834,
    "59": 0.07508230209350586
  }
}