{
  "concept": "direct",
  "model_id": "google/gemma-4-31B-it",
  "num_pairs": 60,
  "scores": {
    "0": 0.15134458243846893,
    "1": 0.1504208743572235,
    "2": 0.12434574961662292,
    "3": 0.09885979443788528,
    "4": 0.05998833850026131,
    "5": 0.055627256631851196,
    "6": 0.05705363303422928,
    "7": 0.057153865694999695,
    "8": 0.05660635232925415,
    "9": 0.06190325319766998,
    "10": 0.06347040832042694,
    "11": 0.06889666616916656,
    "12": 0.10321371257305145,
    "13": 0.10339777171611786,
    "14": 0.104069285094738,
    "15": 0.10839569568634033,
    "16": 0.09756633639335632,
    "17": 0.09033946692943573,
    "18": 0.08322455734014511,
    "19": 0.08475956320762634,
    "20": 0.07962162792682648,
    "21": 0.06940819323062897,
    "22": 0.057250816375017166,
    "23": 0.04450882226228714,
    "24": 0.03939959034323692,
    "25": 0.03706813603639603,
    "26": 0.0372844934463501,
    "27": 0.03805441036820412,
    "28": 0.046546027064323425,
    "29": 0.04483744129538536,
    "30": 0.041898928582668304,
    "31": 0.04344731196761131,
    "32": 0.05293905362486839,
    "33": 0.055341653525829315,
    "34": 0.04883468523621559,
    "35": 0.045207761228084564,
    "36": 0.04332110658288002,
    "37": 0.04044215381145477,
    "38": 0.03699618577957153,
    "39": 0.03824607655405998,
    "40": 0.036920055747032166,
    "41": 0.037144068628549576,
    "42": 0.04048009589314461,
    "43": 0.04257408529520035,
    "44": 0.042452141642570496,
    "45": 0.04177233204245567,
    "46": 0.04217350855469704,
    "47": 0.04174039140343666,
    "48": 0.04015824571251869,
    "49": 0.04014742374420166,
    "50": 0.036622896790504456,
    "51": 0.03213049843907356,
    "52": 0.030694417655467987,
    "53": 0.030857186764478683,
    "54": 0.03172862157225609,
    "55": 0.033780280500650406,
    "56": 0.03330571576952934,
    "57": 0.04925630986690521,
    "58": 0.07453127205371857,
    "59": 0.07027371972799301
  }
}