{
  "concept": "disgusted",
  "model_id": "google/gemma-4-31B-it",
  "num_pairs": 60,
  "scores": {
    "0": 0.10503596812486649,
    "1": 0.07978823781013489,
    "2": 0.053724728524684906,
    "3": 0.08824574202299118,
    "4": 0.046998340636491776,
    "5": 0.05003146827220917,
    "6": 0.05723989009857178,
    "7": 0.05820612236857414,
    "8": 0.05029574781656265,
    "9": 0.04916838929057121,
    "10": 0.04905709624290466,
    "11": 0.04943081736564636,
    "12": 0.05389801412820816,
    "13": 0.05194718763232231,
    "14": 0.053350675851106644,
    "15": 0.05452658236026764,
    "16": 0.052125319838523865,
    "17": 0.050469398498535156,
    "18": 0.0497485026717186,
    "19": 0.04854203388094902,
    "20": 0.04739110544323921,
    "21": 0.04684600234031677,
    "22": 0.04494645819067955,
    "23": 0.04227122664451599,
    "24": 0.04181290417909622,
    "25": 0.03970809280872345,
    "26": 0.03919510170817375,
    "27": 0.04239934682846069,
    "28": 0.05401796102523804,
    "29": 0.06041407585144043,
    "30": 0.061610594391822815,
    "31": 0.06319371610879898,
    "32": 0.06915071606636047,
    "33": 0.06782035529613495,
    "34": 0.05793202295899391,
    "35": 0.053269628435373306,
    "36": 0.05098510906100273,
    "37": 0.04876331612467766,
    "38": 0.04493705555796623,
    "39": 0.04586106911301613,
    "40": 0.04612571746110916,
    "41": 0.0474889874458313,
    "42": 0.05033433064818382,
    "43": 0.05207735672593117,
    "44": 0.0480780228972435,
    "45": 0.046710360795259476,
    "46": 0.04470756649971008,
    "47": 0.04262266680598259,
    "48": 0.04114297032356262,
    "49": 0.03963370621204376,
    "50": 0.03703742101788521,
    "51": 0.03389858454465866,
    "52": 0.033448196947574615,
    "53": 0.0326814204454422,
    "54": 0.032171789556741714,
    "55": 0.03312116488814354,
    "56": 0.032044313848018646,
    "57": 0.03808978572487831,
    "58": 0.06383320689201355,
    "59": 0.07038141787052155
  }
}