{
  "concept": "excited",
  "model_id": "google/gemma-4-31B-it",
  "num_pairs": 60,
  "scores": {
    "0": 0.11452727019786835,
    "1": 0.10050993412733078,
    "2": 0.08251374959945679,
    "3": 0.08913103491067886,
    "4": 0.05409548804163933,
    "5": 0.046415794640779495,
    "6": 0.048815030604600906,
    "7": 0.05639442801475525,
    "8": 0.04906533285975456,
    "9": 0.052341293543577194,
    "10": 0.053934067487716675,
    "11": 0.05621936172246933,
    "12": 0.07441268861293793,
    "13": 0.07165960967540741,
    "14": 0.0684439018368721,
    "15": 0.06822500377893448,
    "16": 0.059778615832328796,
    "17": 0.05780643969774246,
    "18": 0.05311848223209381,
    "19": 0.05055590346455574,
    "20": 0.050396598875522614,
    "21": 0.04621356725692749,
    "22": 0.041847407817840576,
    "23": 0.04399504140019417,
    "24": 0.042060475796461105,
    "25": 0.04447763413190842,
    "26": 0.044434819370508194,
    "27": 0.04581284150481224,
    "28": 0.04767053946852684,
    "29": 0.0485675223171711,
    "30": 0.05531929433345795,
    "31": 0.0578915998339653,
    "32": 0.06702107191085815,
    "33": 0.0693570002913475,
    "34": 0.060367751866579056,
    "35": 0.06148512288928032,
    "36": 0.05921434983611107,
    "37": 0.0554545596241951,
    "38": 0.04934675619006157,
    "39": 0.04297977313399315,
    "40": 0.04487648606300354,
    "41": 0.047302938997745514,
    "42": 0.04956486448645592,
    "43": 0.048795536160469055,
    "44": 0.04826844483613968,
    "45": 0.047881897538900375,
    "46": 0.04575769975781441,
    "47": 0.04370671883225441,
    "48": 0.04172889143228531,
    "49": 0.03990918770432472,
    "50": 0.03744111210107803,
    "51": 0.036192309111356735,
    "52": 0.037885889410972595,
    "53": 0.03771666809916496,
    "54": 0.038472745567560196,
    "55": 0.042302969843149185,
    "56": 0.04116538166999817,
    "57": 0.04952847212553024,
    "58": 0.07895566523075104,
    "59": 0.07397530227899551
  }
}