{
  "concept": "fearful",
  "model_id": "google/gemma-4-31B-it",
  "num_pairs": 60,
  "scores": {
    "0": 0.11432314664125443,
    "1": 0.09462137520313263,
    "2": 0.06673407554626465,
    "3": 0.09595236927270889,
    "4": 0.05915769562125206,
    "5": 0.050188273191452026,
    "6": 0.050280146300792694,
    "7": 0.05840278044342995,
    "8": 0.05105943977832794,
    "9": 0.05236843600869179,
    "10": 0.05168378725647926,
    "11": 0.05328478291630745,
    "12": 0.07411368936300278,
    "13": 0.07135888934135437,
    "14": 0.0678342655301094,
    "15": 0.06649977713823318,
    "16": 0.05851302668452263,
    "17": 0.05614975467324257,
    "18": 0.05124739930033684,
    "19": 0.05030174180865288,
    "20": 0.050111643970012665,
    "21": 0.04948551580309868,
    "22": 0.04463169351220131,
    "23": 0.047728925943374634,
    "24": 0.041889652609825134,
    "25": 0.043233901262283325,
    "26": 0.04451265558600426,
    "27": 0.04561571031808853,
    "28": 0.05061928182840347,
    "29": 0.05213020369410515,
    "30": 0.06051553413271904,
    "31": 0.06110956147313118,
    "32": 0.07033123821020126,
    "33": 0.07241691648960114,
    "34": 0.060781773179769516,
    "35": 0.056612830609083176,
    "36": 0.05267573148012161,
    "37": 0.049311473965644836,
    "38": 0.04753928259015083,
    "39": 0.047612644731998444,
    "40": 0.04930400848388672,
    "41": 0.04596719890832901,
    "42": 0.04660108685493469,
    "43": 0.04941457509994507,
    "44": 0.04990442469716072,
    "45": 0.04850131645798683,
    "46": 0.04678727686405182,
    "47": 0.044704973697662354,
    "48": 0.043197762221097946,
    "49": 0.04223169758915901,
    "50": 0.03838372603058815,
    "51": 0.03490371257066727,
    "52": 0.03419499471783638,
    "53": 0.035607945173978806,
    "54": 0.036122214049100876,
    "55": 0.03863086178898811,
    "56": 0.03827802464365959,
    "57": 0.050931692123413086,
    "58": 0.08573894947767258,
    "59": 0.0847012847661972
  }
}