{
  "concept": "formal",
  "model_id": "google/gemma-4-31B-it",
  "num_pairs": 60,
  "scores": {
    "0": 0.11241123825311661,
    "1": 0.15473876893520355,
    "2": 0.11934369802474976,
    "3": 0.10361836105585098,
    "4": 0.0668778344988823,
    "5": 0.0674818605184555,
    "6": 0.06388172507286072,
    "7": 0.06618303805589676,
    "8": 0.06258781999349594,
    "9": 0.06353937834501266,
    "10": 0.06691602617502213,
    "11": 0.06915760040283203,
    "12": 0.07734500616788864,
    "13": 0.07642631232738495,
    "14": 0.07585979253053665,
    "15": 0.07759878784418106,
    "16": 0.06966689229011536,
    "17": 0.06460468471050262,
    "18": 0.05949632078409195,
    "19": 0.06378296762704849,
    "20": 0.06306657940149307,
    "21": 0.0570698156952858,
    "22": 0.051092032343149185,
    "23": 0.045964423567056656,
    "24": 0.04145970568060875,
    "25": 0.04246681183576584,
    "26": 0.04620211943984032,
    "27": 0.04988139867782593,
    "28": 0.055175960063934326,
    "29": 0.05499589443206787,
    "30": 0.05298929661512375,
    "31": 0.06394078582525253,
    "32": 0.07037712633609772,
    "33": 0.0678606629371643,
    "34": 0.058751583099365234,
    "35": 0.05206028372049332,
    "36": 0.043981462717056274,
    "37": 0.042740821838378906,
    "38": 0.04333534091711044,
    "39": 0.04523098096251488,
    "40": 0.04355759173631668,
    "41": 0.04189793020486832,
    "42": 0.0453452430665493,
    "43": 0.04556328058242798,
    "44": 0.04417139291763306,
    "45": 0.0434982068836689,
    "46": 0.042369645088911057,
    "47": 0.041656773537397385,
    "48": 0.039441511034965515,
    "49": 0.03595659136772156,
    "50": 0.03427276760339737,
    "51": 0.031367287039756775,
    "52": 0.031574051827192307,
    "53": 0.030703088268637657,
    "54": 0.030759872868657112,
    "55": 0.033081915229558945,
    "56": 0.032618362456560135,
    "57": 0.037590391933918,
    "58": 0.059346046298742294,
    "59": 0.06397417932748795
  }
}