{
  "concept": "hallucinating",
  "model_id": "google/gemma-4-31B-it",
  "num_pairs": 60,
  "scores": {
    "0": 0.1449253261089325,
    "1": 0.18217329680919647,
    "2": 0.12317048013210297,
    "3": 0.10672111064195633,
    "4": 0.0672052800655365,
    "5": 0.07253897935152054,
    "6": 0.07095477730035782,
    "7": 0.07644970715045929,
    "8": 0.08069175481796265,
    "9": 0.09290636330842972,
    "10": 0.09808353334665298,
    "11": 0.11046955734491348,
    "12": 0.15985290706157684,
    "13": 0.1483156532049179,
    "14": 0.13864369690418243,
    "15": 0.12899479269981384,
    "16": 0.11699353158473969,
    "17": 0.11082419008016586,
    "18": 0.1026257798075676,
    "19": 0.08925588428974152,
    "20": 0.07862353324890137,
    "21": 0.0711822658777237,
    "22": 0.06131144240498543,
    "23": 0.06428974866867065,
    "24": 0.06038104370236397,
    "25": 0.059379175305366516,
    "26": 0.060633666813373566,
    "27": 0.06149785593152046,
    "28": 0.06049562990665436,
    "29": 0.06201721727848053,
    "30": 0.06014373153448105,
    "31": 0.05841965973377228,
    "32": 0.060068484395742416,
    "33": 0.06229738891124725,
    "34": 0.05422491207718849,
    "35": 0.0564734973013401,
    "36": 0.05249115079641342,
    "37": 0.04659147560596466,
    "38": 0.041233718395233154,
    "39": 0.03675449267029762,
    "40": 0.03721435368061066,
    "41": 0.040167175233364105,
    "42": 0.04219595342874527,
    "43": 0.04624702408909798,
    "44": 0.04277068376541138,
    "45": 0.04089008644223213,
    "46": 0.03874929994344711,
    "47": 0.03801599144935608,
    "48": 0.03542322665452957,
    "49": 0.037496402859687805,
    "50": 0.03476303070783615,
    "51": 0.03141339123249054,
    "52": 0.02823086641728878,
    "53": 0.026654480025172234,
    "54": 0.0273384228348732,
    "55": 0.028889672830700874,
    "56": 0.02848987467586994,
    "57": 0.03420894220471382,
    "58": 0.050000954419374466,
    "59": 0.06535281985998154
  }
}