{
  "concept": "happy",
  "model_id": "google/gemma-4-31B-it",
  "num_pairs": 60,
  "scores": {
    "0": 0.1348695158958435,
    "1": 0.09836678206920624,
    "2": 0.0778278335928917,
    "3": 0.10700451582670212,
    "4": 0.06110454723238945,
    "5": 0.052843790501356125,
    "6": 0.05386296659708023,
    "7": 0.05784120410680771,
    "8": 0.04813218116760254,
    "9": 0.05132924020290375,
    "10": 0.055477242916822433,
    "11": 0.05758948624134064,
    "12": 0.06709528714418411,
    "13": 0.06413321197032928,
    "14": 0.06312993913888931,
    "15": 0.062102802097797394,
    "16": 0.056026097387075424,
    "17": 0.05159086734056473,
    "18": 0.04886453598737717,
    "19": 0.049447380006313324,
    "20": 0.05028431862592697,
    "21": 0.04692612588405609,
    "22": 0.04365060105919838,
    "23": 0.04224393889307976,
    "24": 0.04097001254558563,
    "25": 0.04443545266985893,
    "26": 0.04633999243378639,
    "27": 0.04667135328054428,
    "28": 0.05101338028907776,
    "29": 0.05245949327945709,
    "30": 0.053814660757780075,
    "31": 0.058709047734737396,
    "32": 0.06671891361474991,
    "33": 0.06744539737701416,
    "34": 0.05712373927235603,
    "35": 0.05245122313499451,
    "36": 0.051104601472616196,
    "37": 0.04871666431427002,
    "38": 0.04852747544646263,
    "39": 0.05523265525698662,
    "40": 0.05629436671733856,
    "41": 0.05169711261987686,
    "42": 0.05077298730611801,
    "43": 0.050658971071243286,
    "44": 0.05064275860786438,
    "45": 0.05214301496744156,
    "46": 0.04994262382388115,
    "47": 0.048568181693553925,
    "48": 0.04670964926481247,
    "49": 0.04226437956094742,
    "50": 0.039986517280340195,
    "51": 0.0396866500377655,
    "52": 0.04016285762190819,
    "53": 0.04093491658568382,
    "54": 0.040744226425886154,
    "55": 0.04461037367582321,
    "56": 0.04274677485227585,
    "57": 0.05112135410308838,
    "58": 0.08467279374599457,
    "59": 0.08062124252319336
  }
}