{
  "concept": "hierarchical",
  "model_id": "google/gemma-4-31B-it",
  "num_pairs": 60,
  "scores": {
    "0": 0.1063520535826683,
    "1": 0.11686910688877106,
    "2": 0.08000186085700989,
    "3": 0.09079153835773468,
    "4": 0.049618691205978394,
    "5": 0.05175403133034706,
    "6": 0.051094017922878265,
    "7": 0.052436813712120056,
    "8": 0.04991305619478226,
    "9": 0.05064373090863228,
    "10": 0.051901962608098984,
    "11": 0.05557766929268837,
    "12": 0.07525457441806793,
    "13": 0.07351207733154297,
    "14": 0.07195834815502167,
    "15": 0.07270017266273499,
    "16": 0.06592614948749542,
    "17": 0.061009883880615234,
    "18": 0.056032076478004456,
    "19": 0.052979640662670135,
    "20": 0.05050098896026611,
    "21": 0.04588925838470459,
    "22": 0.04113715887069702,
    "23": 0.03846025839447975,
    "24": 0.0357094444334507,
    "25": 0.03647321090102196,
    "26": 0.03373037651181221,
    "27": 0.03476930037140846,
    "28": 0.03748296946287155,
    "29": 0.04241052269935608,
    "30": 0.05351429060101509,
    "31": 0.05939396843314171,
    "32": 0.07162334769964218,
    "33": 0.07350823283195496,
    "34": 0.06232236698269844,
    "35": 0.0544484481215477,
    "36": 0.050348132848739624,
    "37": 0.04826600104570389,
    "38": 0.04415816813707352,
    "39": 0.04636266082525253,
    "40": 0.04719861224293709,
    "41": 0.04791564121842384,
    "42": 0.05219981074333191,
    "43": 0.054518021643161774,
    "44": 0.05397920310497284,
    "45": 0.05351335555315018,
    "46": 0.051604196429252625,
    "47": 0.05067834630608559,
    "48": 0.04837825894355774,
    "49": 0.04483773186802864,
    "50": 0.04048607498407364,
    "51": 0.037222348153591156,
    "52": 0.039042193442583084,
    "53": 0.03815241903066635,
    "54": 0.03808334842324257,
    "55": 0.04074676334857941,
    "56": 0.039773717522621155,
    "57": 0.04646463319659233,
    "58": 0.06951931118965149,
    "59": 0.06538685411214828
  }
}