{
  "concept": "honest",
  "model_id": "google/gemma-4-31B-it",
  "num_pairs": 60,
  "scores": {
    "0": 0.08955586701631546,
    "1": 0.10893711447715759,
    "2": 0.0766092836856842,
    "3": 0.0856221616268158,
    "4": 0.04659593850374222,
    "5": 0.04967183992266655,
    "6": 0.05230570212006569,
    "7": 0.059553101658821106,
    "8": 0.0512707494199276,
    "9": 0.053331177681684494,
    "10": 0.059829726815223694,
    "11": 0.06533568352460861,
    "12": 0.08772795647382736,
    "13": 0.08358228206634521,
    "14": 0.08078350126743317,
    "15": 0.07791289687156677,
    "16": 0.06927460432052612,
    "17": 0.06321682780981064,
    "18": 0.05783211067318916,
    "19": 0.05288190394639969,
    "20": 0.04853120073676109,
    "21": 0.045708704739809036,
    "22": 0.042032573372125626,
    "23": 0.04762290418148041,
    "24": 0.04440241679549217,
    "25": 0.04563102498650551,
    "26": 0.05025225877761841,
    "27": 0.052800968289375305,
    "28": 0.05462969094514847,
    "29": 0.05344662070274353,
    "30": 0.06178326904773712,
    "31": 0.06127246096730232,
    "32": 0.07022470980882645,
    "33": 0.07193978875875473,
    "34": 0.06416303664445877,
    "35": 0.06209809333086014,
    "36": 0.05461784079670906,
    "37": 0.050507158041000366,
    "38": 0.04419998452067375,
    "39": 0.04209848493337631,
    "40": 0.04340813681483269,
    "41": 0.04588330537080765,
    "42": 0.04966050386428833,
    "43": 0.05171811953186989,
    "44": 0.05050982907414436,
    "45": 0.04925922676920891,
    "46": 0.046744752675294876,
    "47": 0.044612087309360504,
    "48": 0.041449349373579025,
    "49": 0.04064423218369484,
    "50": 0.03697008639574051,
    "51": 0.0312759168446064,
    "52": 0.03039867803454399,
    "53": 0.030329884961247444,
    "54": 0.03104921244084835,
    "55": 0.03531332314014435,
    "56": 0.033863820135593414,
    "57": 0.045118145644664764,
    "58": 0.08050893992185593,
    "59": 0.07853010296821594
  }
}