{
  "concept": "masculine",
  "model_id": "google/gemma-4-31B-it",
  "num_pairs": 60,
  "scores": {
    "0": 0.09801600873470306,
    "1": 0.11589797586202621,
    "2": 0.0830814316868782,
    "3": 0.0993969738483429,
    "4": 0.05798754468560219,
    "5": 0.05322529375553131,
    "6": 0.05151922628283501,
    "7": 0.05627469718456268,
    "8": 0.04889677092432976,
    "9": 0.0506344772875309,
    "10": 0.05219125747680664,
    "11": 0.05895267799496651,
    "12": 0.08601859956979752,
    "13": 0.08225078135728836,
    "14": 0.0791790783405304,
    "15": 0.08063264936208725,
    "16": 0.07130015641450882,
    "17": 0.06467834860086441,
    "18": 0.05786481872200966,
    "19": 0.05798453465104103,
    "20": 0.058605607599020004,
    "21": 0.052691541612148285,
    "22": 0.04607704281806946,
    "23": 0.041249386966228485,
    "24": 0.040911830961704254,
    "25": 0.04102088883519173,
    "26": 0.03981652110815048,
    "27": 0.04087921231985092,
    "28": 0.041427988559007645,
    "29": 0.04733610153198242,
    "30": 0.053848426789045334,
    "31": 0.057458650320768356,
    "32": 0.06606520712375641,
    "33": 0.06559114903211594,
    "34": 0.051376525312662125,
    "35": 0.048178140074014664,
    "36": 0.04640910029411316,
    "37": 0.04398682713508606,
    "38": 0.04423675686120987,
    "39": 0.04775784909725189,
    "40": 0.046731483191251755,
    "41": 0.042930152267217636,
    "42": 0.04784208536148071,
    "43": 0.05048390477895737,
    "44": 0.0497206375002861,
    "45": 0.050130922347307205,
    "46": 0.04978538677096367,
    "47": 0.04864780604839325,
    "48": 0.04636796563863754,
    "49": 0.047533441334962845,
    "50": 0.04333925247192383,
    "51": 0.036211274564266205,
    "52": 0.03470730409026146,
    "53": 0.03573029860854149,
    "54": 0.0363791324198246,
    "55": 0.038612354546785355,
    "56": 0.037174805998802185,
    "57": 0.04495934769511223,
    "58": 0.07538117468357086,
    "59": 0.07992694526910782
  }
}