{
  "concept": "mormon",
  "baseline": null,
  "n_pairs": 45,
  "scores": {
    "0": 0.09475281834602356,
    "1": 0.11223239451646805,
    "2": 0.08188468217849731,
    "3": 0.12219980359077454,
    "4": 0.06663825362920761,
    "5": 0.05894821882247925,
    "6": 0.06150691956281662,
    "7": 0.07008718699216843,
    "8": 0.06004977226257324,
    "9": 0.05862961709499359,
    "10": 0.06572190672159195,
    "11": 0.06691683828830719,
    "12": 0.07964779436588287,
    "13": 0.07685089856386185,
    "14": 0.0739029049873352,
    "15": 0.07358572632074356,
    "16": 0.06638709455728531,
    "17": 0.06719567626714706,
    "18": 0.06736865639686584,
    "19": 0.07190795987844467,
    "20": 0.07536822557449341,
    "21": 0.07542254775762558,
    "22": 0.07022079080343246,
    "23": 0.07846160233020782,
    "24": 0.07015795260667801,
    "25": 0.06828265637159348,
    "26": 0.06652951240539551,
    "27": 0.0615103542804718,
    "28": 0.06471069157123566,
    "29": 0.06562162190675735,
    "30": 0.08787733316421509,
    "31": 0.0874948799610138,
    "32": 0.09670019894838333,
    "33": 0.0972483828663826,
    "34": 0.08839384466409683,
    "35": 0.09044928848743439,
    "36": 0.09101302921772003,
    "37": 0.08605676144361496,
    "38": 0.07770512253046036,
    "39": 0.06599531322717667,
    "40": 0.06408398598432541,
    "41": 0.06393176317214966,
    "42": 0.070920929312706,
    "43": 0.06893998384475708,
    "44": 0.07132222503423691,
    "45": 0.067451111972332,
    "46": 0.06469928473234177,
    "47": 0.0613970011472702,
    "48": 0.05933051183819771,
    "49": 0.05650244280695915,
    "50": 0.05224983021616936,
    "51": 0.04891206696629524,
    "52": 0.04733629524707794,
    "53": 0.046090759336948395,
    "54": 0.046157170087099075,
    "55": 0.045326001942157745,
    "56": 0.04415113478899002,
    "57": 0.04968760162591934,
    "58": 0.07749774307012558,
    "59": 0.07924246788024902
  }
}