{
  "concept": "paternal",
  "model_id": "google/gemma-4-31B-it",
  "num_pairs": 60,
  "scores": {
    "0": 0.07780483365058899,
    "1": 0.10145975649356842,
    "2": 0.06971388310194016,
    "3": 0.15057364106178284,
    "4": 0.08382024616003036,
    "5": 0.06908512860536575,
    "6": 0.06518800556659698,
    "7": 0.07332473993301392,
    "8": 0.06041450798511505,
    "9": 0.05942419916391373,
    "10": 0.0578044131398201,
    "11": 0.06096750870347023,
    "12": 0.0952649712562561,
    "13": 0.09094024449586868,
    "14": 0.08857943117618561,
    "15": 0.09080079197883606,
    "16": 0.08027637004852295,
    "17": 0.07332982122898102,
    "18": 0.06438254565000534,
    "19": 0.06409537047147751,
    "20": 0.06260320544242859,
    "21": 0.0558667927980423,
    "22": 0.046962618827819824,
    "23": 0.04445882886648178,
    "24": 0.044449351727962494,
    "25": 0.04370202496647835,
    "26": 0.04504285752773285,
    "27": 0.04785766825079918,
    "28": 0.04736200347542763,
    "29": 0.05408026650547981,
    "30": 0.05765682831406593,
    "31": 0.05938787758350372,
    "32": 0.0654173195362091,
    "33": 0.06288042664527893,
    "34": 0.05346192792057991,
    "35": 0.05101091414690018,
    "36": 0.049317456781864166,
    "37": 0.049610499292612076,
    "38": 0.05065114423632622,
    "39": 0.05076434090733528,
    "40": 0.0534139908850193,
    "41": 0.05482165887951851,
    "42": 0.057790737599134445,
    "43": 0.05835005268454552,
    "44": 0.05742393061518669,
    "45": 0.05695430189371109,
    "46": 0.05489284172654152,
    "47": 0.053630925714969635,
    "48": 0.050815608352422714,
    "49": 0.04680052399635315,
    "50": 0.04322047904133797,
    "51": 0.03855959698557854,
    "52": 0.03925279527902603,
    "53": 0.03979255631566048,
    "54": 0.039207588881254196,
    "55": 0.04216586798429489,
    "56": 0.041611213237047195,
    "57": 0.048772409558296204,
    "58": 0.07686041295528412,
    "59": 0.08947242796421051
  }
}