{
  "concept": "refusal",
  "model_id": "google/gemma-4-31B-it",
  "num_pairs": 60,
  "scores": {
    "0": 0.07520429790019989,
    "1": 0.08642638474702835,
    "2": 0.07219839841127396,
    "3": 0.10034675896167755,
    "4": 0.05548685044050217,
    "5": 0.05358704924583435,
    "6": 0.05305382236838341,
    "7": 0.05848442018032074,
    "8": 0.05024969205260277,
    "9": 0.05310382694005966,
    "10": 0.05489320680499077,
    "11": 0.0608665905892849,
    "12": 0.08854079246520996,
    "13": 0.08589214086532593,
    "14": 0.08367057889699936,
    "15": 0.08493006974458694,
    "16": 0.07755329459905624,
    "17": 0.07159329205751419,
    "18": 0.0668972060084343,
    "19": 0.06380746513605118,
    "20": 0.060962043702602386,
    "21": 0.05473388358950615,
    "22": 0.04916324466466904,
    "23": 0.05423051863908768,
    "24": 0.051523830741643906,
    "25": 0.05584095045924187,
    "26": 0.06515374779701233,
    "27": 0.0668630450963974,
    "28": 0.07620223611593246,
    "29": 0.07246389240026474,
    "30": 0.06544958055019379,
    "31": 0.06004638597369194,
    "32": 0.058016713708639145,
    "33": 0.05734642595052719,
    "34": 0.05192066356539726,
    "35": 0.050420720130205154,
    "36": 0.047346118837594986,
    "37": 0.04735831543803215,
    "38": 0.047754768282175064,
    "39": 0.051469836384058,
    "40": 0.04873211309313774,
    "41": 0.042759936302900314,
    "42": 0.04486270248889923,
    "43": 0.04743700474500656,
    "44": 0.0466592013835907,
    "45": 0.045237261801958084,
    "46": 0.044293519109487534,
    "47": 0.04217253997921944,
    "48": 0.039624426513910294,
    "49": 0.039773792028427124,
    "50": 0.0366947166621685,
    "51": 0.03214080259203911,
    "52": 0.03289710730314255,
    "53": 0.03182877600193024,
    "54": 0.03227430209517479,
    "55": 0.03610152006149292,
    "56": 0.0354941189289093,
    "57": 0.043807730078697205,
    "58": 0.05695328116416931,
    "59": 0.06954355537891388
  }
}