{
  "concept": "religious",
  "model_id": "google/gemma-4-31B-it",
  "num_pairs": 60,
  "scores": {
    "0": 0.10786627233028412,
    "1": 0.13475842773914337,
    "2": 0.10104770213365555,
    "3": 0.11882602423429489,
    "4": 0.07384949922561646,
    "5": 0.06524772197008133,
    "6": 0.06234190613031387,
    "7": 0.06335001438856125,
    "8": 0.05490996316075325,
    "9": 0.0531487911939621,
    "10": 0.05446914955973625,
    "11": 0.055040597915649414,
    "12": 0.07893014699220657,
    "13": 0.07677339762449265,
    "14": 0.07439713180065155,
    "15": 0.07765013724565506,
    "16": 0.0686640739440918,
    "17": 0.06354327499866486,
    "18": 0.056633420288562775,
    "19": 0.052976906299591064,
    "20": 0.05148681625723839,
    "21": 0.05055788904428482,
    "22": 0.047051768749952316,
    "23": 0.05329759418964386,
    "24": 0.04944612830877304,
    "25": 0.05134544149041176,
    "26": 0.05438035726547241,
    "27": 0.05487791821360588,
    "28": 0.05214584246277809,
    "29": 0.054118137806653976,
    "30": 0.06611938029527664,
    "31": 0.06238560378551483,
    "32": 0.06576095521450043,
    "33": 0.06537911295890808,
    "34": 0.059057991951704025,
    "35": 0.056295592337846756,
    "36": 0.05322665348649025,
    "37": 0.050886668264865875,
    "38": 0.04700839892029762,
    "39": 0.042856279760599136,
    "40": 0.04325868934392929,
    "41": 0.04406451806426048,
    "42": 0.047935694456100464,
    "43": 0.04813053086400032,
    "44": 0.046953409910202026,
    "45": 0.04664111137390137,
    "46": 0.045111700892448425,
    "47": 0.04299306496977806,
    "48": 0.04130814969539642,
    "49": 0.03907749801874161,
    "50": 0.03589792922139168,
    "51": 0.03221692144870758,
    "52": 0.03238753229379654,
    "53": 0.031755685806274414,
    "54": 0.032474685460329056,
    "55": 0.033424586057662964,
    "56": 0.03425351530313492,
    "57": 0.03982168808579445,
    "58": 0.06440623849630356,
    "59": 0.06900784373283386
  }
}