{
  "concept": "sad",
  "model_id": "google/gemma-4-31B-it",
  "num_pairs": 60,
  "scores": {
    "0": 0.15898071229457855,
    "1": 0.10819855332374573,
    "2": 0.09096802026033401,
    "3": 0.10165368765592575,
    "4": 0.06036549061536789,
    "5": 0.054536983370780945,
    "6": 0.06047744303941727,
    "7": 0.06987816095352173,
    "8": 0.0522458478808403,
    "9": 0.05256491154432297,
    "10": 0.05574050173163414,
    "11": 0.05932009965181351,
    "12": 0.0778627097606659,
    "13": 0.07433462888002396,
    "14": 0.07321880757808685,
    "15": 0.07230426371097565,
    "16": 0.06404735893011093,
    "17": 0.058572255074977875,
    "18": 0.05430193990468979,
    "19": 0.054002631455659866,
    "20": 0.05681430175900459,
    "21": 0.05333702638745308,
    "22": 0.04816576838493347,
    "23": 0.05175592005252838,
    "24": 0.050114501267671585,
    "25": 0.05306996405124664,
    "26": 0.05490696802735329,
    "27": 0.056607406586408615,
    "28": 0.055955689400434494,
    "29": 0.05525566637516022,
    "30": 0.07182279974222183,
    "31": 0.07420483976602554,
    "32": 0.08195175975561142,
    "33": 0.08506234735250473,
    "34": 0.07539485394954681,
    "35": 0.0723218321800232,
    "36": 0.06735873222351074,
    "37": 0.06284531950950623,
    "38": 0.05535292252898216,
    "39": 0.049826379865407944,
    "40": 0.05049331858754158,
    "41": 0.05211234837770462,
    "42": 0.0601506307721138,
    "43": 0.06312283128499985,
    "44": 0.06270254403352737,
    "45": 0.061992011964321136,
    "46": 0.060394272208213806,
    "47": 0.05869816988706589,
    "48": 0.05549744889140129,
    "49": 0.05166749283671379,
    "50": 0.04535234719514847,
    "51": 0.03799007460474968,
    "52": 0.036840032786130905,
    "53": 0.03807329386472702,
    "54": 0.03771873190999031,
    "55": 0.04034532606601715,
    "56": 0.03920145705342293,
    "57": 0.049417052417993546,
    "58": 0.0870603397488594,
    "59": 0.09110281616449356
  }
}