{
  "concept": "surprised",
  "model_id": "google/gemma-4-31B-it",
  "num_pairs": 60,
  "scores": {
    "0": 0.12012302130460739,
    "1": 0.09481654316186905,
    "2": 0.06405400484800339,
    "3": 0.09338239580392838,
    "4": 0.0551769882440567,
    "5": 0.05132578685879707,
    "6": 0.052714452147483826,
    "7": 0.05821296200156212,
    "8": 0.04969225078821182,
    "9": 0.050993163138628006,
    "10": 0.053724776953458786,
    "11": 0.05830869823694229,
    "12": 0.08346889913082123,
    "13": 0.07908792048692703,
    "14": 0.07659123837947845,
    "15": 0.07791827619075775,
    "16": 0.07035597413778305,
    "17": 0.06895992159843445,
    "18": 0.06467255204916,
    "19": 0.0636327713727951,
    "20": 0.06211064010858536,
    "21": 0.05829145759344101,
    "22": 0.052214115858078,
    "23": 0.048704735934734344,
    "24": 0.04620831832289696,
    "25": 0.04244527965784073,
    "26": 0.044773366302251816,
    "27": 0.04982718452811241,
    "28": 0.05032777041196823,
    "29": 0.05475824326276779,
    "30": 0.060641396790742874,
    "31": 0.06348595023155212,
    "32": 0.07600384205579758,
    "33": 0.07776854187250137,
    "34": 0.06631603837013245,
    "35": 0.06215377897024155,
    "36": 0.056187357753515244,
    "37": 0.05296174809336662,
    "38": 0.04752446338534355,
    "39": 0.0495801717042923,
    "40": 0.05041978135704994,
    "41": 0.04929579049348831,
    "42": 0.051922425627708435,
    "43": 0.05207192525267601,
    "44": 0.05005155876278877,
    "45": 0.049067653715610504,
    "46": 0.046679720282554626,
    "47": 0.04484051465988159,
    "48": 0.04329279437661171,
    "49": 0.041719790548086166,
    "50": 0.040653880685567856,
    "51": 0.03905530646443367,
    "52": 0.03992791846394539,
    "53": 0.04042653366923332,
    "54": 0.04047314450144768,
    "55": 0.04193217679858208,
    "56": 0.040849026292562485,
    "57": 0.0474436990916729,
    "58": 0.07344790548086166,
    "59": 0.07996097207069397
  }
}