{
  "concept": "sycophantic",
  "model_id": "google/gemma-4-31B-it",
  "num_pairs": 60,
  "scores": {
    "0": 0.11370427161455154,
    "1": 0.09560949355363846,
    "2": 0.07516863942146301,
    "3": 0.09965004771947861,
    "4": 0.05341115966439247,
    "5": 0.05895629897713661,
    "6": 0.06290442496538162,
    "7": 0.0657193586230278,
    "8": 0.06399909406900406,
    "9": 0.06723719090223312,
    "10": 0.06871473789215088,
    "11": 0.07544992864131927,
    "12": 0.10623423010110855,
    "13": 0.1040542721748352,
    "14": 0.10316441208124161,
    "15": 0.10799197852611542,
    "16": 0.09606489539146423,
    "17": 0.08796470612287521,
    "18": 0.0800730511546135,
    "19": 0.07982119917869568,
    "20": 0.0763072520494461,
    "21": 0.06826981157064438,
    "22": 0.0583474226295948,
    "23": 0.049765925854444504,
    "24": 0.045390624552965164,
    "25": 0.04558316618204117,
    "26": 0.04952356219291687,
    "27": 0.048058245331048965,
    "28": 0.05462050437927246,
    "29": 0.052506618201732635,
    "30": 0.05429442226886749,
    "31": 0.051445141434669495,
    "32": 0.05520246922969818,
    "33": 0.05408168211579323,
    "34": 0.04722895845770836,
    "35": 0.047698501497507095,
    "36": 0.04522683843970299,
    "37": 0.04554355889558792,
    "38": 0.04669913277029991,
    "39": 0.04637004807591438,
    "40": 0.045657191425561905,
    "41": 0.043189454823732376,
    "42": 0.04354831203818321,
    "43": 0.04505614936351776,
    "44": 0.04305752366781235,
    "45": 0.04238385707139969,
    "46": 0.040988124907016754,
    "47": 0.03973442316055298,
    "48": 0.03770127147436142,
    "49": 0.04094032570719719,
    "50": 0.040374502539634705,
    "51": 0.036624323576688766,
    "52": 0.03296089544892311,
    "53": 0.0332365445792675,
    "54": 0.03355696052312851,
    "55": 0.03605666011571884,
    "56": 0.035616178065538406,
    "57": 0.04623628407716751,
    "58": 0.06745303422212601,
    "59": 0.06507547944784164
  }
}