{
  "concept": "traditional",
  "model_id": "google/gemma-4-31B-it",
  "num_pairs": 60,
  "scores": {
    "0": 0.09005041420459747,
    "1": 0.09131412208080292,
    "2": 0.068179652094841,
    "3": 0.10699684172868729,
    "4": 0.055784109979867935,
    "5": 0.04481925442814827,
    "6": 0.04424485191702843,
    "7": 0.0530061237514019,
    "8": 0.04538484290242195,
    "9": 0.048131607472896576,
    "10": 0.052391767501831055,
    "11": 0.05806397274136543,
    "12": 0.08224476873874664,
    "13": 0.07840677350759506,
    "14": 0.07747983932495117,
    "15": 0.07806800305843353,
    "16": 0.069538913667202,
    "17": 0.06299518793821335,
    "18": 0.05705536901950836,
    "19": 0.05281079187989235,
    "20": 0.049046359956264496,
    "21": 0.04585036262869835,
    "22": 0.04077383875846863,
    "23": 0.042138077318668365,
    "24": 0.04051264002919197,
    "25": 0.04400511085987091,
    "26": 0.04687794670462608,
    "27": 0.046482980251312256,
    "28": 0.04739374294877052,
    "29": 0.05178559571504593,
    "30": 0.060317933559417725,
    "31": 0.06097854673862457,
    "32": 0.06715264916419983,
    "33": 0.06673519313335419,
    "34": 0.0598471499979496,
    "35": 0.05879843607544899,
    "36": 0.054007455706596375,
    "37": 0.05159522220492363,
    "38": 0.044992223381996155,
    "39": 0.047309838235378265,
    "40": 0.04976864531636238,
    "41": 0.05224289745092392,
    "42": 0.058337997645139694,
    "43": 0.058266039937734604,
    "44": 0.05749528855085373,
    "45": 0.056105587631464005,
    "46": 0.052576225250959396,
    "47": 0.05089018866419792,
    "48": 0.048371437937021255,
    "49": 0.045656219124794006,
    "50": 0.039553046226501465,
    "51": 0.035882920026779175,
    "52": 0.03640314191579819,
    "53": 0.03617856279015541,
    "54": 0.035767681896686554,
    "55": 0.039267152547836304,
    "56": 0.03907521069049835,
    "57": 0.04793960973620415,
    "58": 0.07674118131399155,
    "59": 0.07879897207021713
  }
}