{
  "concept": "uncertain",
  "model_id": "google/gemma-4-31B-it",
  "num_pairs": 60,
  "scores": {
    "0": 0.13279227912425995,
    "1": 0.154836967587471,
    "2": 0.11155848950147629,
    "3": 0.10269667953252792,
    "4": 0.06304467469453812,
    "5": 0.05793501436710358,
    "6": 0.05670196935534477,
    "7": 0.05915144085884094,
    "8": 0.054236024618148804,
    "9": 0.05902272090315819,
    "10": 0.06263263523578644,
    "11": 0.06942493468523026,
    "12": 0.09699693322181702,
    "13": 0.09346315264701843,
    "14": 0.08961367607116699,
    "15": 0.08707714825868607,
    "16": 0.07738170772790909,
    "17": 0.07022629678249359,
    "18": 0.06383197009563446,
    "19": 0.060515910387039185,
    "20": 0.057422518730163574,
    "21": 0.0524464026093483,
    "22": 0.04569380357861519,
    "23": 0.04869174584746361,
    "24": 0.04335331916809082,
    "25": 0.04576382040977478,
    "26": 0.04561037942767143,
    "27": 0.04593796283006668,
    "28": 0.04776497930288315,
    "29": 0.0477689690887928,
    "30": 0.056862425059080124,
    "31": 0.061212100088596344,
    "32": 0.07258640974760056,
    "33": 0.07711416482925415,
    "34": 0.07182897627353668,
    "35": 0.072837695479393,
    "36": 0.06694811582565308,
    "37": 0.06041606143116951,
    "38": 0.04918379336595535,
    "39": 0.0443674735724926,
    "40": 0.04311243072152138,
    "41": 0.04513756185770035,
    "42": 0.04859547317028046,
    "43": 0.04923132434487343,
    "44": 0.04825733229517937,
    "45": 0.04703473672270775,
    "46": 0.04496252164244652,
    "47": 0.04295544698834419,
    "48": 0.040235403925180435,
    "49": 0.03820065036416054,
    "50": 0.035196367651224136,
    "51": 0.03151354566216469,
    "52": 0.03407389670610428,
    "53": 0.033796682953834534,
    "54": 0.034312520176172256,
    "55": 0.03876166790723801,
    "56": 0.037695616483688354,
    "57": 0.04529917240142822,
    "58": 0.07338199019432068,
    "59": 0.07454817742109299
  }
}