{
  "concept": "verbose",
  "model_id": "google/gemma-4-31B-it",
  "num_pairs": 60,
  "scores": {
    "0": 0.2890440821647644,
    "1": 0.30113857984542847,
    "2": 0.2590208053588867,
    "3": 0.21519114077091217,
    "4": 0.11815401166677475,
    "5": 0.09123828262090683,
    "6": 0.08702395856380463,
    "7": 0.08567625284194946,
    "8": 0.07952944934368134,
    "9": 0.08634379506111145,
    "10": 0.09393951296806335,
    "11": 0.10381289571523666,
    "12": 0.15507806837558746,
    "13": 0.15168559551239014,
    "14": 0.14986702799797058,
    "15": 0.15068550407886505,
    "16": 0.1368037909269333,
    "17": 0.12565559148788452,
    "18": 0.11496461182832718,
    "19": 0.11308833956718445,
    "20": 0.1062796413898468,
    "21": 0.09293657541275024,
    "22": 0.07891546934843063,
    "23": 0.06066311523318291,
    "24": 0.0539204478263855,
    "25": 0.05225598067045212,
    "26": 0.06132974475622177,
    "27": 0.06689637154340744,
    "28": 0.07790820300579071,
    "29": 0.09808584302663803,
    "30": 0.097048319876194,
    "31": 0.09653421491384506,
    "32": 0.10762035101652145,
    "33": 0.10792677849531174,
    "34": 0.10022030025720596,
    "35": 0.09955986589193344,
    "36": 0.0908503383398056,
    "37": 0.08538076281547546,
    "38": 0.06940840184688568,
    "39": 0.06660876423120499,
    "40": 0.06343475729227066,
    "41": 0.06695172190666199,
    "42": 0.07880641520023346,
    "43": 0.07185044139623642,
    "44": 0.06861307471990585,
    "45": 0.06526818871498108,
    "46": 0.06168351694941521,
    "47": 0.063817597925663,
    "48": 0.06841933727264404,
    "49": 0.06099200248718262,
    "50": 0.05380570515990257,
    "51": 0.04736578091979027,
    "52": 0.04806668311357498,
    "53": 0.046789541840553284,
    "54": 0.048497024923563004,
    "55": 0.053844548761844635,
    "56": 0.052715931087732315,
    "57": 0.06083245575428009,
    "58": 0.10177553445100784,
    "59": 0.09455936402082443
  }
}