{
  "concept": "western",
  "model_id": "google/gemma-4-31B-it",
  "num_pairs": 60,
  "scores": {
    "0": 0.1115616038441658,
    "1": 0.0864613875746727,
    "2": 0.07746686786413193,
    "3": 0.09551817923784256,
    "4": 0.05371560528874397,
    "5": 0.04318653792142868,
    "6": 0.04124601185321808,
    "7": 0.052017610520124435,
    "8": 0.049806322902441025,
    "9": 0.056693945080041885,
    "10": 0.06254198402166367,
    "11": 0.06516514718532562,
    "12": 0.08473969995975494,
    "13": 0.08099830150604248,
    "14": 0.0776674896478653,
    "15": 0.07359016686677933,
    "16": 0.06467054039239883,
    "17": 0.05793148651719093,
    "18": 0.052014630287885666,
    "19": 0.05023771524429321,
    "20": 0.04871714115142822,
    "21": 0.042654357850551605,
    "22": 0.038182660937309265,
    "23": 0.03655983880162239,
    "24": 0.03435337916016579,
    "25": 0.033628854900598526,
    "26": 0.03462684527039528,
    "27": 0.034666839987039566,
    "28": 0.03924466669559479,
    "29": 0.03972037881612778,
    "30": 0.050429876893758774,
    "31": 0.054201144725084305,
    "32": 0.06349571794271469,
    "33": 0.06289733946323395,
    "34": 0.052735161036252975,
    "35": 0.04838433489203453,
    "36": 0.04401785507798195,
    "37": 0.04194193705916405,
    "38": 0.038948774337768555,
    "39": 0.04412780702114105,
    "40": 0.04398559033870697,
    "41": 0.04400433599948883,
    "42": 0.04995005950331688,
    "43": 0.05247840657830238,
    "44": 0.05243516340851784,
    "45": 0.053525619208812714,
    "46": 0.05248675495386124,
    "47": 0.05174143239855766,
    "48": 0.049309562891721725,
    "49": 0.046253278851509094,
    "50": 0.04271020367741585,
    "51": 0.03657512366771698,
    "52": 0.03651120141148567,
    "53": 0.036814507097005844,
    "54": 0.03690100833773613,
    "55": 0.04013536125421524,
    "56": 0.03870699554681778,
    "57": 0.04766923561692238,
    "58": 0.07951316982507706,
    "59": 0.08266692608594894
  }
}