{"years": [1900, 1901, 1902, 1903, 1904, 1905, 1906, 1907, 1908, 1909, 1910, 1911, 1912, 1913, 1914, 1915, 1916, 1917, 1918, 1919, 1920, 1921, 1922, 1923, 1924, 1925, 1926, 1927, 1928, 1929, 1930, 1931, 1932, 1933, 1934, 1935, 1936, 1937, 1938, 1939, 1940, 1941, 1942, 1943, 1944, 1945, 1946, 1947, 1948, 1949, 1950, 1951, 1952, 1953, 1954, 1955, 1956, 1957, 1958, 1959, 1960, 1961, 1962, 1963, 1964, 1965, 1966, 1967, 1968, 1969, 1970, 1971, 1972, 1973, 1974, 1975, 1976, 1977, 1978, 1979, 1980, 1981, 1982, 1983, 1984, 1985, 1986, 1987, 1988, 1989, 1990, 1991, 1992, 1993, 1994, 1995, 1996, 1997, 1998, 1999, 2000, 2001, 2002, 2003, 2004, 2005, 2006, 2007, 2008, 2009, 2010, 2011, 2012, 2013, 2014, 2015, 2016, 2017, 2018, 2019, 2020, 2021, 2022, 2023, 2024, 2025, 2026, 2027, 2028, 2029, 2030, 2031, 2032, 2033, 2034, 2035], "mean_prob": [1.1437864068170471e-08, 1.7270267493743574e-09, 2.4422219476620237e-09, 1.0948985792363869e-09, 2.6957690169340107e-09, 2.636641362260002e-09, 5.221211846069648e-10, 4.480579169839857e-10, 5.862308889362444e-10, 2.7847004070461245e-10, 1.058935670428874e-09, 9.974321772636252e-10, 1.4335896264481303e-09, 7.02639362346242e-10, 1.3407015928625772e-09, 1.058592209047381e-09, 3.084895507700449e-10, 5.504841634569227e-10, 8.968748171464646e-10, 5.714503568015629e-10, 1.4724003512191672e-08, 8.98185972262001e-09, 2.9958228150585586e-08, 2.493248979902672e-07, 7.882540356615903e-07, 4.4282532132005046e-08, 2.883134346211478e-09, 2.3104507716756565e-09, 1.7374505726252668e-09, 1.856768448708723e-09, 1.405760714156326e-09, 6.867974493331281e-10, 1.1942537204349112e-09, 8.985410399153663e-10, 1.2490868546759812e-09, 9.501050168841857e-10, 3.2206623334597004e-10, 4.676683066212742e-10, 6.694006897407431e-10, 7.462202873388522e-10, 1.1326213553523807e-09, 6.579272081791392e-10, 1.3821523731149716e-09, 1.4130206403833321e-09, 4.1149003972057455e-09, 1.7752330931748046e-08, 8.187163210687651e-10, 6.040895977723435e-10, 7.026233432152607e-10, 4.752258447929401e-10, 6.905015914452936e-09, 1.5872226529674698e-09, 5.604947675134586e-09, 3.5942122767288985e-09, 1.4282256481252174e-08, 1.484200068357594e-08, 1.5585252978300992e-09, 9.091927281227296e-10, 2.0451075934901885e-09, 1.1359053729602934e-09, 3.157395269004287e-09, 1.7660640962071323e-09, 1.8322320971912808e-09, 1.6531796657734593e-09, 2.062806403143917e-09, 1.9253544433537104e-09, 1.6112100088960444e-09, 4.106940675179369e-09, 7.3305464500576675e-09, 3.884171531549768e-09, 3.156171637102464e-07, 2.0424568659896642e-08, 1.4678266385523621e-08, 2.0832643780049156e-08, 4.4646632360348665e-08, 1.673153078783785e-08, 5.633597136636914e-09, 5.662617346028e-09, 4.904610320058295e-09, 5.421744888523765e-09, 2.0785884459907253e-09, 9.37955210332596e-10, 2.2421896282981134e-09, 1.6441065815310781e-09, 1.490683985080765e-07, 5.157231585422527e-09, 1.0876180361671513e-09, 9.957350986203204e-10, 1.4484696019562124e-09, 1.2510199611907911e-09, 4.024432472255961e-08, 2.6940043240409985e-08, 3.1034414614029984e-08, 1.972931135247738e-08, 4.492054943595746e-08, 3.8414563254704455e-08, 1.958442937473621e-08, 2.1234085128678444e-08, 5.0323041574467807e-08, 3.265590569647141e-08, 4.934601546020329e-12, 1.3635017518681477e-11, 4.5949799245412215e-10, 1.7614354126300932e-11, 1.077945488371139e-09, 7.730452915306087e-10, 2.198571723076407e-12, 1.4330329261009595e-12, 3.480488796241973e-12, 4.4766983104852485e-12, 1.0232600477976703e-09, 6.180162439939753e-10, 7.61997749405314e-09, 4.366831699877474e-09, 2.7067533918080666e-08, 8.56524226646532e-08, 1.6737451124872565e-11, 1.3779066933026513e-10, 2.4750007121212e-09, 4.382428817899826e-09, 1.304671193484206e-07, 1.0958734048657344e-06, 2.5090275197736805e-07, 1.676125702235667e-05, 0.22097656803647264, 0.7790027824037706, 9.08371234112382e-09, 5.853458794809504e-09, 3.977561452571962e-09, 6.74157347183871e-09, 5.723405235682327e-11, 1.0688954111543849e-10, 1.3001173736059777e-10, 3.06237420779298e-11, 5.812971921613029e-09, 1.4621550624528626e-09], "peak": 2025, "mean": 2024.7788132388275, "median": 2025}